		LEG3	LEG3	OSTP	OSTP	CTNB1	CTNB1	PRDX6	PRDX6	CLIC1	CLIC1	KPYM	KPYM	ANXA2	ANXA2	MUC1	MUC1	XPO2	XPO2	SERPH	SERPH	TIMP2	LEG1	LEG1	CAYP1	CAYP1	CASP3	STMN1	STMN1	MMP9	MMP9	VIME	VIME	CD44	FOLR1	FOLR1	CALU	CSF1	CSF1	PRDX1	PRDX1	SG2A1	SG2A1	ROA2	ROA2	GSTP1	GSTP1	TAGL	TAGL	SODC	SODC	ANXA1	ANXA1	FABP5	FABP5	MMP2	MMP2	PDIA1	PDIA1	CADH1	CADH1	CH10	CH10	PEBP1	PEBP1	PAEP	NGAL	NGAL	WFDC2	WFDC2	PPIA	PPIA	HSPB1	HSPB1	CATD	CATD	GTR1	LDHA	LDHA	TPIS	TPIS	PERM	PERM	MIF	MIF	PIGR	PIGR	K2C8	K2C8	SPIT1	SPIT1	ENOA	ENOA	FSCN1	FSCN1	NAMPT	NAMPT	CAPG	CAPG
Patient code	Group	IALDFQR	GNDVAFHFNPR	AIPVAQDLNAPSDWDSR	ANDESNEHSDVIDSQELSK	LLNDEDQVVVNK	LVQLLVR	DFTPVCTTELGR	LSILYPATTGR	LAALNPESNTAGLDIFAK	NSNPALNDNLEK	NTGIICTIGPASR	APIIAVTR	GVDEVTIVNILTNR	QDIAFAYQR	QGGFLGLSNIK	EGTINVHDVETQFNQYK	ANIVHLMLSSPEQIQK	LLQTDDEEEAGLLELLK	GVVEVTHDLQK	DTQSGSLLFIGR	EVDSGNDIYGNPIK	SFVLNLGK	LPDGYEFK	EAVIAAAFAK	SGDGVVTVDDLR	SGTDVDAANLR	SHEAEVLK	AIEENNNFSK	SLGPALLLLQK	AFALWSAVTPLTFTR	ILLAELEQLK	ISLPLPNFSSLNLR	TEAADLCK	TELLNVCMNAK	FNWNHCGEMAPACK	TFDQLTPEESK	AFLLVQDIMEDTMR	TFYETPLQLLEK	ADEGISFR	LVQAFQFTDK	TINSDISIPEYK	ELLQEFIDSDAAAEAMGK	TLETVPLER	GGNFGFGDSR	ASCLYGQLPK	TLGLYGK	TLMALGSLAVTK	EFTESQLQEGK	AVCVLK	TLVVHEK	GGPGSAVSPYPTFNPSSDVAALHK	DITSDTSGDFR	ELGVGIALR	LVVECVMNNVTCTR	IDAVYEAPQEEK	VDAAFNWSK	ALAPEYAK	ILEFFGLK	NLVQIK	VFYSITGQGADTPPVGVFIIER	FLPLFDR	VLLPEYGGTK	VLTPTQVK	LYEQLSGK	VLVEDDEIMQGFIR	VPLQQNFQDNQFQGK	ELTSELK	EGSCPQVNINFPQLGLCR	VSCVTPNF	VSFELFADK	FEDENFILK	LFDQAFGLPR	LATQSNEITIPVTFESR	VSTLPAITLK	VGFAEAAR	TFDEIASGFR	LVIITAGAR	VTLTSEEEAR	VVLAYEPVWAIGTGK	SNVSDAVAQSTR	IANVFTNAFR	VVLEGGIDPILR	LLCGLLAER	VYINYYDMNAANVGWNNSTFA	GGCITLISSEGYVSSK	VYTVDLGR	WSLLQQQK	LSELEAALQR	WYYDPTEQICK	SFVYGGCLGNK	TIAPALVSK	YISPDQLADLYK	FLIVAHDDGR	YLAPSGPSGTLK	YDGHLPIEIK	YLLETSGNLDGLEYK	YQEGGVESAFHK	EGNPEEDLTADK
163	T1	29.3238	7.7858	0.07555	0.07235	0.27565	0.3348	17.73455	5.90095	15.4521	5.88665	54.29775	1.6551	58.8537	3.27595	7.4297	1.5959	0.28555	0.29505	0.1224	0.2721	0.0675	1.4998	1.1687	14.1623	27.4785	0.10885	1.58865	1.8788	3.5121	2.1292	17.291	1.19575	0.44975	0.0838	0.1354	0.4351	0.05985	0.04495	3.9687	56.06165	0.114	0.1529	0.2905	0.8976	42.6622	9.2949	0.42465	0.33415	14.38055	8.96865	6.60845	4.37115	0.06955	6.65145	0.006233333333333	0.0537	1.1212	0.6664	1.2425	1.279	0.31585	0.1299	10.22825	12.76	0.003435353535354	2.6776	2.5315	3.66	3.689	4.76185	2.9863	11.1813	20.17845	0.34855	0.20795	0.07105	8.62275	26.55285	34.6096	85.79105	1.1443	2.3708	142.0377	2.317	108.6364	149.783	0.55975	1.6732	0.45905	0.58095	20.4048	27.1408	0.28765	0.1946	1.21825	0.658	1.4966	0.9762
122	T1	17.80725	4.78155	0.2471	0.2215	0.12525	0.1551	6.50285	1.91645	9.93645	3.71425	33.16815	0.4885	22.12845	1.36255	5.1267	1.02605	0.1104	0.13105	0.20255	0.4237	0.1264	1.0902	0.82545	6.777	13.9067	0.08925	0.45615	0.53065	0.32695	0.1771	24.485	2.085	0.2576	1.0563	1.39495	0.36895	0.07895	0.06985	1.5129	20.1929	0.29725	0.35265	0.42435	1.0177	34.08365	6.8955	0.66515	0.6075	5.99025	3.65505	5.0792	3.30095	0.0436	3.8926	0.06925	0.24315	0.44255	0.27265	0.7454	0.8343	1.13855	0.4319	10.18165	14.037	0.003435353535354	1.7656	1.6415	12.46115	11.5226	3.09975	1.9231	7.15325	13.42615	0.47905	0.32095	0.12775	4.7392	14.51075	22.108	55.42105	0.33225	0.63825	73.52155	1.4607	59.42275	74.63595	1.0046	2.1995	0.3282	0.30605	11.5227	17.8388	0.348	0.22215	1.1709	0.666	2.26715	1.48605
183	T1	19.04865	5.0076	0.7922	0.8834	0.24885	0.3197	9.3613	3.17535	14.3107	5.77745	42.68415	0.063	19.61065	0.96805	6.55405	1.394	0.25395	0.2755	0.27115	0.61045	0.14325	1.66915	1.3297	18.0511	36.52	0.1495	1.2103	1.40615	3.276	1.8672	33.47185	1.88945	0.29325	1.3447	1.76995	0.425	0.15605	0.1142	2.23795	30.90255	0.7683	0.87615	0.53835	0.48555	45.61175	8.1594	0.30575	0.27235	7.35105	4.3764	11.9037	8.8778	0.04495	4.19075	0.0606	0.1965	0.92385	0.5636	1.0143	1.0606	0.8641	0.33875	7.61085	9.17155	0.003435353535354	4.2936	3.9255	15.98835	14.55255	3.39585	2.3626	16.13695	23.14005	1.0974	0.6379	0.07885	7.58345	23.0675	20.9993	53.1611	2.6461	5.7897	107.1309	1.86195	38.28805	38.75735	0.8389	2.5831	0.43125	0.66095	18.3718	25.17285	0.53415	0.3594	2.099	1.13445	1.575	1.05115
213	T1	14.9431	4.0095	0.24295	0.217	0.2346	0.2806	8.55865	2.65875	9.34735	3.70475	26.50525	1.57765	9.65665	0.4606	10.10895	1.6954	0.09535	0.0929	0.065	0.12835	0.11295	0.95575	0.8412	2.85175	6.0572	0.06115	0.69585	0.8504	0.6963	0.3933	8.1155	0.5998	0.3944	0.30645	0.612	0.1496	0.09185	0.0709	1.15585	16.13085	0.12385	0.1387	0.30405	0.7395	11.2592	2.75465	0.3099	0.33335	4.53535	2.64315	4.28025	2.8105	0.0885	7.9367	0.1091	0.36515	0.45525	0.2715	0.4809	0.46325	0.17265	0.0723	4.7151	5.8712	0.19085	2.32815	2.2354	4.50385	11.65355	1.81055	1.28975	4.4819	9.03295	0.22695	0.12295	0.06415	4.9398	15.82625	12.2877	30.89795	0.8086	1.47055	65.2858	1.1531	63.69725	69.91275	0.29585	0.7558	0.46315	0.5982	10.47565	16.44195	0.4836	0.30065	1.44535	0.7336	0.58325	0.4038
218	T1	5.77195	1.5263	0.04585	0.002339682539683	0.04715	0.0631	2.9438	0.9298	8.45985	2.89225	11.6473	1.0346	4.46085	0.16545	6.57075	1.64545	0.1303	0.11345	0.05805	0.10845	0.05605	0.54985	0.4909	3.93885	8.50185	0.056	1.75605	2.0947	0.33645	0.22725	0.8675	0.0539	0.24855	0.009558333333333	0.0274	0.1211	0.007233333333333	0.0197	1.0077	13.7018	0.002514814814815	0.01631884057971	0.10405	0.36055	12.2889	1.8763	0.22425	0.2498	3.39305	2.0475	0.20075	0.12825	0.02555	2.2817	0.006233333333333	0.08765	0.37825	0.2283	0.44155	0.56045	0.33005	0.13235	2.55635	3.25075	0.022367676767677	0.4664	0.57825	0.42685	0.86495	1.7985	1.13955	1.091	2.49675	0.06895	0.00716	0.03305	4.14735	14.2849	8.7895	17.3081	0.58475	1.2752	49.36925	1.00395	3.52015	3.5648	0.7655	1.59515	0.2493	0.28535	7.23925	14.47175	0.27845	0.17595	0.38765	0.24045	0.18595	0.1195
223	T1	12.2734	3.04065	0.43365	0.1783	0.20525	0.2599	12.1119	3.8471	15.3114	5.38405	49.2053	3.28345	37.842	2.04775	1.0927	0.24925	0.3958	0.3562	0.26415	0.55315	0.0724	1.46325	1.3316	1.8822	3.9466	0.1016	2.5254	2.8837	0.3451	0.21025	11.0316	0.90635	0.3388	0.02765	0.0309	0.35855	0.007233333333333	0.013664814814815	4.94745	67.99455	0.1145	0.1473	0.42185	0.91615	37.8579	6.9349	1.8405	1.7079	9.3159	5.77305	18.09245	14.87365	0.2234	20.9265	0.04225	0.1289	0.81945	0.5121	0.64415	0.6895	0.66665	0.2627	6.6438	8.44335	0.003435353535354	0.6334	0.59615	0.4462	0.5574	2.9341	1.7665	9.54785	17.21475	0.44305	0.2883	0.21355	11.74665	34.8111	24.7475	59.60795	0.60365	1.1633	120.9187	2.10655	8.03725	5.53025	0.73465	1.7682	0.43455	0.4741	25.74615	35.66715	0.73015	0.4674	3.6886	2.03875	2.1284	1.38835
470	T1	26.9135	7.41055	0.10005	0.0897	0.126	0.1591	13.56155	4.2173	9.4736	3.8518	40.66035	0.1217	6.19425	0.2815	7.54425	2.03	0.1606	0.2005	0.0942	0.2241	0.39505	2.53105	2.31615	4.91105	10.6256	0.08785	0.77895	0.9155	2.2415	1.5308	8.0717	0.13355	0.56125	0.1752	0.28115	0.24285	0.26605	0.18575	1.6014	22.3197	0.2862	0.3433	0.3394	0.4821	25.7565	5.5724	0.235	0.1703	8.91905	5.402	5.5418	3.8078	0.10195	9.33685	0.2895	0.931	0.52245	0.3191	1.06905	1.1296	0.1783	0.0785	8.37965	11.04395	0.1457	35.5026	39.44175	12.3722	17.4287	4.66205	3.12915	2.8371	6.4051	0.96905	0.5401	0.05315	6.91565	21.75555	24.06395	61.4778	12.6729	25.2712	96.24265	1.61585	38.9422	38.4027	0.2157	0.9186	0.54325	0.63735	15.28325	23.0193	1.7096	1.1063	2.3242	1.18135	1.77645	1.28465
145	T1	7.309	1.91175	2.0609	1.79445	0.0577	0.069	5.62045	1.83395	3.72505	1.4915	8.31955	0.5215	9.17475	0.5649	1.8956	0.3953	0.0552	0.05555	0.04825	0.09675	0.05465	0.30495	0.2299	9.0417	18.7207	0.03005	0.73435	0.91085	1.38825	0.8747	2.86875	0.2436	0.05365	0.0315	0.0368	0.1901	0.007233333333333	0.00472962962963	1.0171	14.7952	0.1426	0.18745	0.31615	0.76715	9.2131	1.56245	0.1725	0.2032	3.5535	2.234	4.92995	3.4327	0.02605	2.0145	0.006233333333333	0.022433333333333	0.75755	0.4611	0.3111	0.3305	0.06965	0.02745	4.67415	6.04955	0.003435353535354	0.9952	0.92725	1.1246	1.31085	1.3631	0.9246	3.04425	5.98375	0.21885	0.12575	0.1254	1.21915	4.14995	8.82695	19.7254	0.53705	0.9603	25.7591	0.38955	58.12285	74.0544	0.1274	0.25255	0.0768	0.08235	3.9441	6.717	0.0505	0.03705	0.5754	0.2953	0.39475	0.2445
279	T1	13.01395	3.51205	0.01395	0.008019841269841	0.4264	0.51145	15.58475	5.4112	17.79675	6.75985	54.26735	1.33765	65.0776	3.37615	9.4418	1.8764	0.30535	0.27085	0.09845	0.2131	0.04895	0.54605	0.41395	2.0604	4.07455	0.1314	1.07625	1.3109	0.50595	0.5196	5.7492	0.34005	0.32675	0.016558333333333	0.022561111111111	0.19805	0.007233333333333	0.014164814814815	4.1413	59.2074	0.3	0.3267	1.1119	2.30405	25.3687	4.7578	0.46705	0.43295	10.20215	6.4291	8.13235	5.7263	0.01945	1.81255	0.0548	0.20045	0.6128	0.38805	1.52545	1.6316	1.04085	0.42415	10.58255	14.176	0.003435353535354	3.0163	2.7972	2.47185	7.7938	4.52175	2.96295	4.2061	10.16745	0.24575	0.1433	0.10615	24.66585	71.39755	35.7143	96.07385	1.2888	2.9265	182.84995	2.9967	26.5321	31.4663	1.2847	3.1683	0.1948	0.29135	35.44085	44.5964	0.605	0.41255	3.1829	1.7222	1.01635	0.63125
521	T1	13.012	3.28535	0.10445	0.07195	0.3058	0.3929	11.067	3.69035	22.9938	8.77585	74.29365	5.29225	53.4044	2.59015	8.02655	1.6936	0.54095	0.4997	0.31235	0.68	0.09215	1.26305	1.0374	2.3289	4.60065	0.1654	5.258	6.1644	0.1083	0.07745	2.2784	0.13685	0.2879	0.27885	0.3952	0.2877	0.024266666666667	0.0346	2.25415	31.8397	0.17815	0.1905	0.62015	1.15615	49.8266	11.9064	1.3713	1.31445	6.89215	4.17365	21.427	19.62255	0.14495	14.2325	0.04125	0.14115	0.53375	0.3266	1.1441	1.2666	0.40595	0.1607	8.56555	11.35225	0.003435353535354	0.3948	0.35645	0.4598	0.52835	4.83445	3.1832	2.97435	7.1106	0.31035	0.20525	0.6492	17.1022	50.67635	20.1811	51.8876	0.13505	0.20905	134.43555	2.66585	4.98255	4.53745	1.60895	4.4912	0.5818	0.7427	28.09555	35.11705	0.80205	0.5266	2.71515	1.3813	2.3095	1.55145
158	T1	3.604	1.02025	2.88395	0.7817	0.00111	0.01555	0.5396	0.22865	2.37515	0.90585	4.86085	0.1297	2.56035	0.1266	2.8824	0.812	0.001404444444444	0.002177777777778	0.0151	0.0299	0.4665	0.2391	0.2444	0.7661	2.22375	0.01465	0.10765	0.11235	1.06085	0.60255	4.2645	0.33165	0.319	0.3648	0.5189	0.061	0.0759	0.06435	0.30405	4.56595	0.7625	0.7984	0.0491	0.08475	4.5537	0.658	0.0714	0.0978	1.0738	0.6793	0.6228	0.5288	0.01385	0.9873	0.266	0.9144	0.08375	0.0463	0.2483	0.31335	0.10265	0.0397	1.06655	1.2286	9.5403	4.21635	5.3401	14.8179	12.61295	0.42355	0.28425	0.4151	0.9114	0.18205	0.06425	0.015784848484849	0.76735	2.6835	3.05695	6.7582	0.35815	0.58055	13.0811	0.054993650793651	37.50355	44.46385	0.48385	1.0776	0.30525	0.34265	2.0042	4.4659	0.07535	0.0408	0.2163	0.1189	0.2564	0.1673
174	T1	12.3436	3.2395	0.88105	0.58705	0.07055	0.08415	3.12565	0.94995	8.45135	3.0081	17.75315	1.02965	4.48475	0.24675	21.17705	6.0951	0.07635	0.07055	0.0319	0.07295	0.20015	1.24525	1.4622	2.9424	8.2315	0.0595	0.6052	0.7422	2.94985	1.81105	44.6753	4.0911	0.91125	1.69135	2.918	0.12955	0.525	0.3503	0.85145	12.04135	0.1214	0.1469	0.256	0.21575	18.6794	5.25825	0.2204	0.2506	5.71405	3.45315	1.55755	1.31595	0.1025	7.6596	0.07185	0.25775	0.2773	0.1684	0.74425	1.0646	0.1453	0.0571	4.9422	6.02305	0.2688	6.7244	7.2571	49.7419	53.3265	2.16515	1.38995	3.2277	6.28995	0.3068	0.2052	0.04415	3.79875	12.8121	13.3005	28.4461	2.33505	4.5495	59.23845	1.4331	108.287	169.7476	0.83545	1.726	0.97925	0.9701	11.1888	20.00775	0.5245	0.301	1.2175	0.6464	0.56575	0.35895
451	T1	4.83125	1.3036	0.4871	0.3646	0.0583	0.06935	1.94905	0.7813	6.65535	2.386	14.6434	1.26865	2.9476	0.1616	11.2982	2.39495	0.0323	0.0302	0.008175	0.013805555555556	0.1708	0.3895	0.38485	1.4397	3.92205	0.0434	0.2963	0.36255	3.4922	2.0893	27.38105	1.75015	0.59295	0.85135	1.2258	0.1487	0.1273	0.10125	0.63935	8.1799	0.14165	0.17685	0.1823	0.128	8.54955	2.3872	0.35025	0.41295	4.91795	2.8312	0.64315	0.5519	0.02865	2.24825	0.2651	0.82825	0.18475	0.1137	0.4974	0.67065	0.1098	0.0468	4.99365	6.3544	0.0743	12.03315	14.74195	51.82615	42.39915	1.7981	1.18155	0.5637	1.2565	0.26265	0.13335	0.0527	3.96485	13.45755	14.60065	32.35285	1.43955	2.82705	61.1392	1.3799	108.12745	166.39125	1.48055	2.93675	0.424	0.44185	10.4066	18.37125	0.2168	0.11995	1.1459	0.6338	0.46075	0.3285
278	T1	15.0894	3.9242	0.11155	0.11805	0.0538	0.05455	1.21515	0.41685	3.92515	1.4234	6.24445	0.0517	7.93625	0.37575	40.60515	6.9838	0.03395	0.032	0.00695	0.010105555555556	0.44015	0.32355	0.27265	0.9122	2.5078	0.0273	0.2247	0.26035	1.4979	0.89555	14.917	0.3925	0.3216	1.118	2.43915	0.30395	0.2626	0.18125	0.5889	8.05625	2.0434	2.05045	0.18975	0.1177	5.7145	1.19085	0.11	0.13175	3.1106	1.86725	1.595	1.6477	0.0331	2.61335	0.06625	0.227	0.2184	0.0997	1.047	1.3743	0.2558	0.1322	2.1675	2.08975	0.003435353535354	17.2133	19.50275	36.92485	32.02465	1.0251	0.6779	1.31005	2.6695	0.30295	0.11255	0.04795	2.8046	10.3677	7.0829	15.5965	2.1273	3.8161	32.44805	0.64045	124.5442	373.03525	1.23385	3.5252	0.39835	0.45695	5.68	10.2974	0.15655	0.09475	0.61605	0.3271	0.5096	0.45395
229	T1	7.92235	2.07215	0.06005	0.126	0.0174	0.001869230769231	1.9799	0.7101	1.8748	0.6599	2.51725	0.23625	6.4839	0.3073	5.0627	2.3406	0.003452222222222	0.002177777777778	0.0581	0.1283	0.2144	1.44015	1.5395	0.92635	2.5016	0.0111	0.22825	0.2763	1.5333	0.88605	15.7459	1.3372	0.17	1.0778	2.06495	0.15935	0.6434	0.5176	0.3229	4.5573	0.144	0.1626	0.21565	0.3381	4.33605	1.13985	0.1369	0.1826	3.61195	2.28625	2.45545	1.8501	0.04885	3.63085	0.0795	0.2903	0.1432	0.0893	0.2074	0.28625	0.13965	0.05535	2.90365	3.5978	0.586	5.38225	4.99035	9.0547	15.32555	0.8616	0.5661	0.697	1.41995	0.1989	0.13515	0.051	0.58515	2.1156	4.9775	10.59175	0.6535	1.3965	17.5618	0.208696825396825	72.0865	92.37925	0.3986	0.77025	0.24215	0.2669	2.5837	5.27605	0.29485	0.16465	0.22095	0.1101	0.3194	0.2845
282	T1	9.49105	2.3396	0.3318	0.2047	0.06315	0.0759	2.87105	1.0204	5.62525	2.0992	15.5316	0.7401	18.6697	0.95005	4.32485	1.47095	0.05395	0.044	0.184	0.40865	0.1092	1.5272	1.5925	7.38625	21.22765	0.0635	0.7383	0.8725	0.5204	0.37115	16.66725	1.61175	0.1299	0.3486	0.55935	0.20585	0.2033	0.17385	0.90415	12.4878	0.2799	0.35805	0.5515	1.4601	11.6501	3.00475	0.1621	0.21225	4.14585	2.56165	5.82595	4.45615	0.0446	3.58025	0.0418	0.16985	0.3733	0.24275	0.43975	0.55885	0.26315	0.095	3.7364	4.8674	0.003435353535354	3.50205	2.85365	16.89925	18.27405	1.8345	1.2054	7.8001	14.34165	0.4404	0.30625	0.08495	3.8425	11.6359	15.32275	38.2251	2.9709	6.0826	60.3186	1.393	37.7253	39.61655	0.36215	0.7711	0.30405	0.3389	11.00075	20.6404	0.3746	0.20395	0.56505	0.3175	0.4918	0.3321
123	T1	6.68645	1.47815	0.24885	0.156	0.0632	0.08355	3.4	0.7208	6.6252	2.45885	18.9701	1.4306	3.8261	0.171	5.3655	2.2153	0.0768	0.07805	0.0266	0.04515	0.12705	1.08475	1.2	4.08055	12.52805	0.04635	1.2327	1.4105	1.22285	0.7102	12.42725	0.7231	0.2868	0.10975	0.3333	0.1586	0.1885	0.15735	1.76825	22.81085	0.06165	0.041509420289855	0.23325	0.29515	16.023	3.7329	0.1675	0.26365	3.9633	2.42575	0.5464	0.47255	0.07305	5.4809	0.0662	0.23955	0.27875	0.16745	0.61805	0.79505	0.39885	0.15515	3.5457	4.3559	0.16935	6.9111	6.22085	1.801	6.9651	2.7192	1.8757	2.6422	5.2639	0.2865	0.1969	0.0904	5.34715	17.8833	11.3243	28.1959	0.5638	0.8627	63.67165	1.34615	90.9698	74.73985	0.4663	1.12575	0.3149	0.3596	11.64955	22.25665	0.296	0.16325	1.23325	0.6073	0.55355	0.37815
175	T1	22.91975	6.02245	0.43295	0.38955	0.13415	0.16035	4.51585	1.633	17.1889	6.7598	40.9963	1.37765	13.4711	0.75615	16.7249	2.747	0.1707	0.18695	0.12425	0.2905	0.1142	2.36205	2.54275	10.713	29.3063	0.1655	1.33695	1.61375	2.2155	1.45785	17.32155	1.34375	0.47195	0.6633	0.94565	0.24745	0.15345	0.1205	1.82605	26.0216	0.2178	0.25065	0.4547	0.6008	31.90805	8.7652	1.04325	1.29895	5.6382	3.44655	5.3388	4.4324	0.1252	9.6635	0.05055	0.1805	0.40995	0.25225	1.248	1.6589	0.4137	0.164	8.22065	11.02505	0.003435353535354	18.8562	19.4561	12.0599	11.1309	3.69485	2.6142	13.4612	20.64715	0.7465	0.49245	0.11275	7.11505	22.34195	17.66435	46.2593	0.65075	1.1798	91.7096	1.9581	32.79955	39.7987	2.003	4.5577	0.6856	0.7021	19.361	28.5053	0.62875	0.33685	2.0304	1.01105	2.3623	1.5535
199	T1	17.1624	4.4295	0.26415	0.18565	0.1726	0.199	5.45575	1.97095	13.0162	4.87455	26.15235	0.7405	13.3135	0.6641	20.5296	5.12805	0.09645	0.09815	0.08065	0.1862	0.1182	0.98085	1.00285	8.5969	24.62895	0.10595	1.08855	1.28975	3.63235	2.03805	30.6933	2.1036	1.43845	0.3259	0.65215	0.33175	0.09375	0.0753	1.6381	23.3976	0.80255	0.91705	0.5648	0.51595	18.1968	4.6229	0.5716	0.6423	6.7566	4.07335	3.12765	2.60005	0.26935	22.66325	0.08475	0.26905	0.7745	0.5214	1.25475	1.6238	0.22935	0.09425	6.447	8.2103	0.003435353535354	21.4039	21.12605	28.3274	22.7206	3.44105	2.3905	1.64585	3.4655	0.66185	0.4064	0.05315	6.8382	21.8985	19.0813	45.23105	3.00655	6.01915	80.72015	1.5546	86.0517	121.8076	1.54955	4.1749	0.55695	0.81795	12.946	22.3729	0.35285	0.18685	1.44545	0.7538	1.23035	0.84375
245	T1	2.82005	0.7326	2.33665	1.0479	0.15845	0.1959	4.64355	1.7068	3.86235	1.5371	7.56635	0.49505	5.97805	0.26005	29.48345	5.9244	0.03555	0.002177777777778	0.0452	0.08855	0.20825	0.3022	0.33245	1.8089	5.4288	0.01925	0.2133	0.2335	0.5182	0.28435	25.1104	1.97765	0.355	1.03185	1.17525	0.19645	0.12495	0.11045	0.41935	6.235	0.1386	0.1823	0.1281	0.41905	3.93635	0.95795	0.1746	0.1933	1.6808	1.0386	0.2701	0.22515	0.00925	0.76295	1.29145	4.4725	0.21435	0.12885	0.4137	0.5379	0.1014	0.0441	1.81905	2.0658	0.219	2.9073	2.5855	44.42535	37.85895	0.7288	0.4942	1.3054	2.75775	0.13895	0.00716	0.1119	1.9962	7.0069	6.06745	14.159	0.4052	0.643	27.66975	0.60245	472.1336	571.937	0.8753	1.8447	0.5686	0.65355	4.3013	8.18185	0.11645	0.0668	0.5436	0.2628	0.10305	0.0802
313	C2	24.5336	6.3151	0.253	0.2069	0.27095	0.3367	11.2025	3.49505	17.97585	6.9255	35.73865	1.74605	5.50505	0.23685	10.58995	1.90665	0.2468	0.2344	0.1248	0.2792	0.1584	2.7948	2.4821	7.76525	16.45845	0.09625	1.852	2.1254	2.14775	1.3117	27.1555	1.687	0.41295	0.5266	0.7103	0.22945	0.1754	0.12975	1.7917	26.12225	0.1896	0.2498	0.4465	0.53365	36.20605	6.3554	0.6798	0.61315	6.07505	3.6938	2.1059	1.34375	0.05285	4.89405	0.38735	1.26415	0.55435	0.3336	1.08115	1.20705	0.31405	0.1219	7.49575	10.09575	0.027	6.4835	6.3104	8.4269	10.3467	3.3297	2.1165	5.32485	11.8742	0.51845	0.30105	0.05325	6.4175	20.8875	15.3699	40.36265	0.55005	1.0101	106.72525	1.98475	35.76455	35.7846	0.90115	2.43225	0.49895	0.61175	13.8624	20.52915	0.54295	0.3438	2.2648	1.2042	1.6383	1.09405
315	C2	1.8922	0.5052	0.0235	0.002339682539683	0.00111	0.0098	1.3149	0.64005	0.9915	0.38975	2.659	0.23795	1.0639	0.05195	0.41055	0.0855	0.005152222222222	0.002177777777778	0.02145	0.0395	0.13715	0.1423	0.12065	0.3031	0.68515	0.001206666666667	0.14255	0.15315	0.1213	0.06815	4.0938	0.40105	0.1331	0.08215	0.1278	0.05305	0.007233333333333	0.009814814814815	0.1919	2.70205	0.002514814814815	0.01631884057971	0.04325	0.09765	4.31035	0.7207	0.15925	0.18665	1.6755	1.02445	0.40945	0.25815	0.0106	0.82175	0.077	0.27995	0.05585	0.03285	0.07685	0.0791	0.0415	0.0167	1.18405	1.5092	0.003435353535354	0.3324	0.3942	1.106	1.05335	0.4697	0.3105	0.67655	1.3354	0.0655	0.0323	0.01585	0.31175	1.18295	2.3618	4.95055	0.0411	0.10675	7.84215	0.103746825396825	4.5269	5.22845	0.10165	0.2075	0.015975	0.02745	1.49945	2.97585	0.0763	0.04635	0.0997	0.04635	0.2201	0.15225
359	C2	9.9637	2.57555	0.0122	0.006519841269841	0.05265	0.0588	4.0117	1.15285	3.78265	1.4101	7.1625	0.67135	9.80265	0.5162	2.52755	0.99215	0.0488	0.05085	0.2714	0.5781	0.1559	1.43545	1.35915	3.55685	7.32025	0.0158	0.2595	0.33205	0.0616	0.03845	23.49835	2.50645	0.1149	0.72095	1.2796	0.23995	0.2283	0.18045	0.6016	8.214	0.23165	0.2747	0.17015	0.40065	9.05555	2.14515	0.21595	0.2427	3.9348	2.4399	3.26025	2.13355	0.0191	1.67435	0.09835	0.3292	0.23665	0.14565	0.1761	0.1943	0.27795	0.1116	3.5903	4.35135	0.65405	0.93465	0.95915	4.53545	10.72755	1.24635	0.79065	1.8788	3.8667	0.1162	0.0691	0.0494	0.903	3.0795	6.8294	13.9204	0.0411	0.06875	25.24775	0.4051	27.16655	37.91175	0.4852	0.97135	0.10895	0.11435	4.1494	7.04955	0.36505	0.2367	0.34155	0.1781	0.27685	0.1729
401	C2	25.95575	6.9236	0.32365	0.08265	0.06265	0.08295	6.2016	2.16845	11.14775	4.1822	9.3378	0.76955	4.8968	0.2923	2.0324	0.518	0.13765	0.1185	0.18345	0.3846	0.297	3.7878	3.18565	1.02615	2.20605	0.0512	0.8202	0.9889	0.05405	0.0318	17.39965	1.74955	0.3151	0.0454	0.07115	0.19435	0.007233333333333	0.0268	0.78355	10.55985	0.6186	0.6678	0.36145	0.5428	12.8828	2.73435	1.91175	1.68695	3.8935	2.42835	1.7407	1.15625	0.08765	7.2862	0.16865	0.59405	0.2636	0.1547	0.27585	0.29855	0.11155	0.04315	4.0161	5.08405	64.91985	0.14525	0.1574	1.03575	1.16865	2.2523	1.5028	3.3979	7.33945	0.3247	0.16775	0.18035	3.8997	13.7847	10.72935	23.73915	0.0411	0.012166666666667	40.23035	0.6634	10.57305	10.6693	0.4599	1.09225	0.15485	0.15985	7.3426	11.9801	0.99495	0.62315	1.34865	0.6867	0.9081	0.57425
303	C2	5.75175	1.5005	0.0086	0.002339682539683	0.0365	0.0448	2.41775	0.81675	2.92175	1.05485	4.40215	0.3968	3.3695	0.18915	6.5974	3.28435	0.04565	0.052	0.0825	0.19455	0.15685	1.23435	0.9919	1.4815	2.8903	0.01065	0.306	0.37895	0.01925	0.0385	16.67415	1.44	0.07885	0.7932	3.22685	0.1081	0.3442	0.27765	0.3602	5.0214	0.02875	0.01631884057971	0.1315	0.2924	5.80065	1.4662	0.09845	0.10615	3.555	2.22005	1.7685	1.155	0.012	0.914	0.16775	0.5897	0.12405	0.07485	0.1725	0.1725	0.17225	0.0729	2.72435	3.44155	0.09475	2.24595	2.4809	3.24795	24.7662	0.9895	0.61	0.9259	1.93235	0.11545	0.0694	0.1473	0.7731	2.6112	5.77325	11.98205	0.1562	0.29665	17.3098	0.054993650793651	75.6519	99.64815	0.22065	0.435	0.1904	0.20945	2.69935	4.7474	0.2758	0.1893	0.35185	0.1827	0.206	0.13335
309	C2	2.50615	0.6751	0.0084	0.002339682539683	0.02465	0.0257	1.49705	0.49945	1.97605	0.7528	2.2388	0.2022	1.35945	0.09255	0.51765	0.100322222222222	0.02125	0.0155	0.10935	0.22215	0.0292	0.9194	0.77005	0.83755	1.67195	0.0134	0.3997	0.50275	0.0423	0.0234	7.98775	0.68095	0.1508	0.0971	0.15365	0.1237	0.007233333333333	0.00472962962963	0.2336	3.16065	0.1456	0.1814	0.14405	0.2937	3.71005	0.8648	0.13345	0.14855	2.22	1.40215	0.5464	0.3777	0.00775	0.61025	0.006233333333333	0.06495	0.1517	0.0874	0.0941	0.0861	0.0838	0.0331	1.69275	2.16835	0.003435353535354	0.0882	0.11785	1.50305	1.9818	0.79835	0.4998	0.9246	1.9787	0.19365	0.1242	0.09295	0.41025	1.39945	4.4336	9.3251	0.0411	0.07565	14.7687	0.054993650793651	6.13775	6.79105	0.1559	0.29795	0.03335	0.03495	1.8551	3.084	0.3883	0.26125	0.07885	0.020246666666667	0.0824	0.0545
484	C2	3.3547	0.93085	0.00955	0.002339682539683	0.049	0.05435	1.90005	0.7855	2.84245	1.05755	2.5465	0.1103	3.4324	0.25235	0.86445	0.29675	0.03935	0.03605	0.4961	1.0215	0.0612	1.2737	1.1717	0.80645	1.62615	0.01725	0.4656	0.5701	0.162	0.096	12.25535	1.092	0.15845	0.32775	0.40185	0.30695	0.007233333333333	0.02205	0.29345	4.26805	0.1341	0.090759420289855	0.17305	0.3352	5.89125	1.16415	0.12705	0.1442	3.00245	1.8446	1.40975	0.98395	0.0329	2.50795	0.03275	0.11905	0.3456	0.20905	0.1214	0.11125	0.40025	0.15405	2.4708	3.08365	0.12045	0.2736	0.335	4.8396	5.2077	1.13505	0.7052	0.74085	1.57185	0.19915	0.1169	0.3145	0.69885	2.41805	6.56885	12.49115	0.0411	0.23025	21.39315	0.054993650793651	13.0611	14.46425	0.12595	0.2507	0.0595	0.05955	2.80465	5.0123	0.57495	0.36275	0.1777	0.08245	0.0928	0.06145
187	C2	0.65725	0.1992	0.08225	0.002339682539683	0.000555	0.001869230769231	0.31665	0.1306	0.84055	0.3234	0.84225	0.07955	0.5725	0.011383333333333	0.14945	0.028944444444445	0.001404444444444	0.002177777777778	0.01045	0.02115	0.08365	0.1428	0.12745	0.10945	0.15985	0.001206666666667	0.019991666666667	0.0446	0.9971	0.57985	0.8557	0.0723	0.14015	0.004116666666667	0.005922222222222	0.0497	0.007233333333333	0.00472962962963	0.04535	0.7171	0.10445	0.069759420289855	0.009988888888889	0.008866666666667	0.9477	0.17945	0.0394	0.03775	0.3435	0.22375	0.06005	0.03935	0.003	0.23235	0.06145	0.23605	0.0275	0.01475	0.03835	0.03265	0.01125	0.001241666666667	0.25215	0.2926	1.74635	0.053344444444445	0.21585	0.1226	0.13975	0.19115	0.1304	0.09335	0.2357	0.0402	0.00716	0.005969696969697	0.25065	0.8618	0.6837	1.46215	0.0411	0.142	3.29895	0.054993650793651	1.89795	1.81655	0.0318	0.07255	0.012125	0.02215	0.49985	0.98365	0.0519	0.0358	0.0763	0.022696666666667	0.012488888888889	0.01935
358	C2	2.92555	0.76015	0.11745	0.07575	0.00111	0.007284615384615	1.79245	0.69545	1.68165	0.6252	2.01775	0.19545	1.31765	0.0617	5.3714	0.92875	0.0121	0.002177777777778	0.0182	0.03565	0.16975	0.4747	0.4279	1.64565	3.1876	0.002003333333333	0.1036	0.12455	0.0667	0.049	2.29065	0.16555	0.11415	3.584	6.2522	0.0593	0.39785	0.30515	0.27735	3.8686	0.22435	0.25095	0.0233	0.0983	3.634	0.97725	0.0209	0.02485	3.14475	1.9322	0.4998	0.33075	0.0145	0.9002	0.0777	0.26635	0.0435	0.0235	0.2078	0.22265	0.03655	0.01395	1.9774	2.44145	0.10335	1.66275	1.7636	32.2096	37.2091	0.54075	0.3504	0.7112	1.45085	0.0987	0.0372	0.0251	0.25385	0.9062	2.76385	5.4632	0.0411	0.05975	11.66485	0.054993650793651	69.4915	105.0434	0.0887	0.2032	0.06845	0.0818	1.5312	2.88225	0.1585	0.10535	0.10165	0.04745	0.1592	0.1216
476	C2	9.1064	2.3379	0.0234	0.002339682539683	0.0385	0.0442	5.72755	1.60235	3.3882	1.33645	5.883	0.54335	4.25005	0.45255	1.52205	0.68655	0.03785	0.0426	0.153	0.3664	0.05905	1.18285	0.90805	4.05895	8.8936	0.01205	0.2473	0.2949	0.0246	0.02985	17.65915	1.64255	0.1026	0.0633	0.07645	0.1285	0.024316666666667	0.04965	0.5609	7.9342	0.0217	0.01631884057971	0.1839	0.48	6.5682	1.691	0.1122	0.1387	3.61865	2.36835	3.75355	2.5377	0.01295	0.7454	0.0284	0.12675	0.1614	0.09555	0.1513	0.151	0.22315	0.08615	2.7162	3.39915	0.003435353535354	0.5005	0.5232	0.62015	2.6906	0.93235	0.5609	2.69365	5.7293	0.32035	0.21085	0.32275	0.7709	2.75765	6.2399	13.04005	0.52925	0.9981	19.46555	0.147596825396825	34.27885	35.6782	0.38315	0.7467	0.0898	0.0885	3.2006	5.5172	0.2831	0.1876	0.25755	0.11605	0.3934	0.21795
330	C2	6.08115	1.5817	0.04275	0.010569841269841	0.0143	0.01835	1.2275	0.6899	2.70055	1.06515	4.43265	0.40285	2.2985	0.11635	4.255	1.1087	0.0138	0.002177777777778	0.0272	0.04975	0.316	0.88155	0.82605	1.61225	3.5085	0.0116	0.24185	0.32315	0.1105	0.0928	13.26295	1.20365	0.14345	0.35325	0.77345	0.07155	0.2059	0.14545	0.32425	4.2293	0.05235	0.01631884057971	0.12155	0.22305	7.6289	1.60995	0.19705	0.28275	2.832	1.7016	1.0799	0.74955	0.0148	0.97055	0.16205	0.5494	0.07595	0.04095	0.2339	0.2434	0.06245	0.02515	2.45465	2.8034	0.26175	1.7283	1.8857	6.1615	15.33975	0.864	0.6304	0.89015	1.81785	0.32225	0.21555	0.005969696969697	0.78585	2.74015	5.20225	11.138	0.26285	0.4229	18.9969	0.2762	38.23625	44.12265	0.42245	0.7778	0.17885	0.1994	2.8426	5.1462	0.30175	0.16715	0.1989	0.09535	0.24115	0.1742
318	C2	1.5054	0.40705	0.05925	0.0804	0.001555	0.001869230769231	1.4213	0.3564	0.9217	0.3705	1.0333	0.09645	1.3627	0.07715	1.59695	0.3236	0.001404444444444	0.002177777777778	0.01465	0.02505	0.0712	0.4221	0.4132	0.48885	0.9441	0.00565	0.1454	0.18585	0.05645	0.008516666666667	3.3571	0.26175	0.0985	0.27805	0.43585	0.10375	0.07015	0.0579	0.0891	1.26025	0.0209	0.01631884057971	0.02585	0.0808	3.9175	0.70535	0.2588	0.35255	3.8245	2.22285	0.57655	0.3851	0.0114	0.9182	0.02675	0.08115	0.06435	0.0345	0.0814	0.0751	0.0826	0.03335	2.17265	2.47375	0.006667676767677	0.96805	1.0728	3.98385	4.2873	0.6716	0.51975	0.6161	1.24515	0.06755	0.0397	0.0425	0.2873	1.0817	3.37475	7.2614	0.0411	0.0753	11.4351	0.054993650793651	15.1772	18.32435	0.03495	0.0753	0.0555	0.06755	2.40715	3.92695	0.13645	0.0784	0.06275	0.006993333333333	0.0478	0.0428
307	C2	0.43885	0.1302	0.07645	0.0503	0.00111	0.001869230769231	0.2274	0.15745	0.37295	0.15205	0.1923	0.02265	0.063233333333333	0.007083333333333	1.30395	0.382	0.001404444444444	0.002177777777778	0.0086	0.010955555555556	0.0747	0.15475	0.1406	0.11855	0.22645	0.001206666666667	0.019991666666667	0.0574	0.0565	0.0345	0.62115	0.0397	0.1326	0.0756	0.1703	0.03065	0.11585	0.08695	0.0351	0.50605	0.08335	0.13275	0.003477777777778	0.02035	0.35525	0.1054	0.01725	0.0283	0.57215	0.3716	0.0271	0.011966666666667	0.00255	0.19615	0.04255	0.14	0.02015	0.0088	0.15015	0.1631	0.00435	0.001241666666667	0.3158	0.34095	0.003435353535354	0.112322222222222	0.19245	6.87655	9.29535	0.12545	0.0915	0.06465	0.1439	0.04345	0.01275	0.013984848484849	0.06195	0.2352	0.6396	1.3884	0.0411	0.02025	2.1542	0.054993650793651	24.44725	29.08905	0.001133333333333	0.00405	0.1068	0.1145	0.2692	0.4799	0.07815	0.04165	0.00656	0.006993333333333	0.004377777777778	0.01155
310	C2	6.07675	1.71785	0.0452	0.0166	0.0243	0.0284	1.25805	0.87675	2.88305	1.15655	3.69855	0.35985	2.74045	0.1581	2.6963	0.63	0.0202	0.0129	0.0868	0.1688	0.19535	0.8485	0.77925	3.08525	6.5553	0.0149	0.3048	0.3907	0.006666666666667	0.0203	11.80465	1.1266	0.2043	0.76155	1.36985	0.1357	0.1705	0.13035	0.39515	5.4588	0.07575	0.057559420289855	0.1405	0.34985	12.40665	1.9269	0.05535	0.0931	3.7174	2.2071	1.52005	1.02495	0.0147	1.2331	0.1175	0.36155	0.1574	0.08725	0.2975	0.3116	0.1385	0.0534	3.2308	3.7659	0.039	0.58175	0.692	12.8358	16.83065	1.17035	0.8666	1.47445	3.06875	0.3131	0.15635	0.0257	0.76135	2.5054	8.18695	16.69575	0.0411	0.144	28.12235	0.52415	23.9445	29.9925	0.50485	1.0226	0.19775	0.21455	3.2369	5.84315	0.40185	0.22885	0.2466	0.1199	0.21655	0.138
301	C2	1.42475	0.3834	0.0582	0.04245	0.00111	0.001869230769231	0.2712	0.10185	1.42065	0.486	0.6501	0.0299	1.9076	0.0245	2.49755	0.2014	0.001404444444444	0.001088888888889	0.007925	0.010655555555556	0.1008	0.517	0.15305	0.88585	1.0004	0.002453333333333	0.24075	0.3041	0.13535	0.12315	2.903	0.11995	0.1085	1.83335	2.48455	0.0537	0.007233333333333	0.1013	0.0629	0.86145	0.0397	0.01631884057971	0.0569	0.0452	3.8294	0.4648	0.02245	0.023	2.1148	1.64615	0.45095	0.1613	0.01715	0.9549	0.015416666666667	0.2494	0.08155	0.02525	0.2403	0.29175	0.06415	0.0283	3.11115	3.90375	0.08145	2.13145	2.9278	9.15965	27.5268	0.3549	0.247	0.2155	0.63715	0.20705	0.051	0.005969696969697	0.11605	0.4428	6.72055	13.4156	0.14025	0.37885	18.94115	0.137096825396825	26.46915	29.92765	0.0856	0.1573	0.165	0.201	1.39095	1.33755	0.2178	0.22225	0.02528	0.006993333333333	0.0627	0.0193
317	C2	19.3184	5.06845	0.0046	0.001169841269841	0.02945	0.0311	3.14575	1.11995	4.4184	1.72725	6.71535	0.54835	17.14	0.7132	7.8761	3.70065	0.0146	0.002177777777778	0.10005	0.23325	0.5692	2.0442	1.71735	1.6937	3.3908	0.0191	0.4813	0.62985	0.1995	0.1502	27.7391	2.31385	0.12545	0.4652	1.2157	0.3404	0.58935	0.38155	0.728	9.4707	0.002514814814815	0.01631884057971	0.25685	0.5501	11.72485	3.42415	0.70895	0.91995	8.9708	5.34985	3.28245	2.1298	0.0432	3.7069	0.33245	1.0879	0.2568	0.15095	0.3604	0.38595	0.634	0.24985	7.26215	9.02295	0.063	2.2374	2.0961	2.3786	17.0615	2.00775	1.4946	1.9652	4.22695	1.64525	1.4176	0.027	1.48305	4.9255	11.12115	27.39745	0.1133	0.1908	45.75325	0.8716	37.29965	38.888	0.63895	1.2029	0.2183	0.242	6.18105	10.0624	0.37435	0.2091	0.5931	0.31775	0.6284	0.42745
337	C2	2.3574	0.6165	0.0544	0.002339682539683	0.00111	0.001869230769231	0.7522	0.3819	1.2288	0.4791	1.5463	0.1446	1.4131	0.0411	1.1358	0.3254	0.001404444444444	0.002177777777778	0.0313	0.0571	0.294	0.2235	0.1852	1.1838	2.6194	0.001206666666667	0.0983	0.1155	0.4526	0.2548	2.0609	0.183	0.1826	0.2469	0.6396	0.062	0.0987	0.0748	0.1502	2.0137	0.002514814814815	0.01631884057971	0.0222	0.0727	4.2068	0.8684	0.0157	0.0265	1.4385	0.87	0.5597	0.3261	0.0142	1.0414	0.1569	0.5477	0.0445	0.0253	0.1262	0.1223	0.0384	0.0138	1.2978	1.7398	0.1428	0.6762	0.6833	3.0528	9.6232	0.3841	0.3017	0.5979	1.1541	0.0527	0.0249	0.005969696969697	0.3417	1.0491	2.1702	5.1536	0.0411	0.2355	8.568	0.054993650793651	21.858	18.811	0.0276	0.0618	0.0804	0.0954	1.3985	2.3831	0.0949	0.0618	0.0941	0.006993333333333	0.0788	0.0658
300	C2	3.32325	0.8777	0.00945	0.002339682539683	0.00111	0.001869230769231	0.30865	0.1464	1.85035	0.72165	1.19795	0.0544	5.707	0.0983	3.39155	0.27915	0.001404444444444	0.002177777777778	0.00295	0.004411111111111	0.13355	1.34905	0.408	2.37145	2.5427	0.004603333333333	0.5098	0.60165	0.2586	0.19465	6.4402	0.2518	0.142	1.34625	1.85105	0.1301	0.007233333333333	0.0481	0.1694	2.2056	0.002514814814815	0.01631884057971	0.1245	0.1125	7.4323	0.89145	0.07325	0.0854	8.07455	5.9777	2.1311	0.8278	0.01515	1.02855	0.017566666666667	0.24095	0.15445	0.04615	0.2524	0.2005	0.2206	0.0943	8.51435	10.72485	0.003435353535354	5.99195	9.6925	3.9515	12.1542	0.9184	0.7069	0.5276	1.6237	0.18265	0.00716	0.005969696969697	0.119	0.41195	11.9792	25.99425	0.0411	0.28425	37.14815	0.46265	15.54225	22.1275	0.2758	0.43395	0.12145	0.1463	3.2136	2.90035	0.2267	0.23155	0.00656	0.003496666666667	0.0949	0.0345
